reward/env_0,reward/env_1,reward/env_2,reward/env_3,reward/env_4,reward/env_5,reward/env_6,reward/env_7,reward/env_8,reward/env_9,reward/env_10,reward/env_11,reward/env_12,reward/env_13,reward/env_14,reward/env_15
-473.520516152647,,,,,,,,,,,,,,,
,-446.1311864598074,,,,,,,,,,,,,,
,,-549.992685512738,,,,,,,,,,,,,
,,,-382.85188590426435,,,,,,,,,,,,
,,,,-797.9189795672363,,,,,,,,,,,
,,,,,-413.23742015144035,,,,,,,,,,
,,,,,,-325.1735564652516,,,,,,,,,
,,,,,,,-555.8336549781513,,,,,,,,
,,,,,,,,-829.5851794251512,,,,,,,
,,,,,,,,,-494.86142635112367,,,,,,
,,,,,,,,,,-315.8527152164162,,,,,
,,,,,,,,,,,-502.69352782851774,,,,
,,,,,,,,,,,,-355.544827423214,,,
,,,,,,,,,,,,,-635.5971668760824,,
,,,,,,,,,,,,,,-377.15489824402687,
,,,,,,,,,,,,,,,-599.6393096276693
,,,,,-280.9370856747059,,,,,,,,,,
-483.9918524071842,,,,,,,,,,,,,,,
,-302.78936129324194,,,,,,,,,,,,,,
,,-370.3035770094684,,,,,,,,,,,,,
,,,-441.4320596037261,,,,,,,,,,,,
,,,,-644.6691861806906,,,,,,,,,,,
,,,,,,-620.5624791815833,,,,,,,,,
,,,,,,,-390.2371623971575,,,,,,,,
,,,,,,,,-380.8382153550878,,,,,,,
,,,,,,,,,-483.7440937206209,,,,,,
,,,,,,,,,,-285.520951600182,,,,,
,,,,,,,,,,,-378.1450612984164,,,,
,,,,,,,,,,,,-606.3037653641275,,,
,,,,,,,,,,,,,-586.256759622382,,
,,,,,,,,,,,,,,-365.2128376355586,
,,,,,,,,,,,,,,,-574.1115088612835
,,,,,-447.9755751613632,,,,,,,,,,
