reward/env_0,reward/env_1
-355.8733711519109,
,-531.1172553852626
